uniprot,series,has_smiles_hit,smiles_hit_num,smiles_hit_rate,smiles_hit_fraction,has_scaffold_hit,scaffold_hit_rate,scaffold_hit_fraction,normalized_affinity_sum,max_normalized_affinity,normalized_affinity_count_>=_0.5,normalized_affinity_count_>=_0.8,normalized_affinity_count_>=_0.9,normalized_affinity_count_>=_0.95,normalized_affinity_count_>=_0.99,max_normalized_affinity_count_>=_0.5,max_normalized_affinity_count_>=_0.8,max_normalized_affinity_count_>=_0.9,max_normalized_affinity_count_>=_0.95,max_normalized_affinity_count_>=_0.99
P12931,Sries10152,False,0,0.0,0.0,True,0.44,0.07142857142857142,0.0,,0,0,0,0,0,0,0,0,0,0
P06239,Sries10363,False,0,0.0,0.0,True,0.15,0.08333333333333333,0.0,,0,0,0,0,0,0,0,0,0,0
P00519,Sries10472,True,2,0.01,0.06451612903225806,True,0.01,0.14285714285714285,0.8535257907623004,0.6836408181204354,1,0,0,0,0,True,False,False,False,False
P00742,Sries10521,False,0,0.0,0.0,True,0.12,0.08333333333333333,0.0,,0,0,0,0,0,0,0,0,0,0
P00749,Sries10756,False,0,0.0,0.0,False,0.0,0.0,0.0,,0,0,0,0,0,0,0,0,0,0
P12821,Sries1097,False,0,0.0,0.0,False,0.0,0.0,0.0,,0,0,0,0,0,0,0,0,0,0
Q92731,Sries11217,False,0,0.0,0.0,False,0.0,0.0,0.0,,0,0,0,0,0,0,0,0,0,0
P24941,Sries11344,False,0,0.0,0.0,False,0.0,0.0,0.0,,0,0,0,0,0,0,0,0,0,0
P35968,Sries11589,False,0,0.0,0.0,True,0.01,0.125,0.0,,0,0,0,0,0,0,0,0,0,0
P12931,Sries11626,False,0,0.0,0.0,False,0.0,0.0,0.0,,0,0,0,0,0,0,0,0,0,0
P12821,Sries1166,False,0,0.0,0.0,False,0.0,0.0,0.0,,0,0,0,0,0,0,0,0,0,0
Q92731,Sries11705,False,0,0.0,0.0,True,0.005,0.5,0.0,,0,0,0,0,0,0,0,0,0,0
P12821,Sries1233,False,0,0.0,0.0,False,0.0,0.0,0.0,,0,0,0,0,0,0,0,0,0,0
P12821,Sries1236,False,0,0.0,0.0,True,0.015,0.5,0.0,,0,0,0,0,0,0,0,0,0,0
P31645,Sries12826,False,0,0.0,0.0,True,0.03,0.25,0.0,,0,0,0,0,0,0,0,0,0,0
Q05397,Sries12970,False,0,0.0,0.0,True,0.005,0.08333333333333333,0.0,,0,0,0,0,0,0,0,0,0,0
P29274,Sries12999,False,0,0.0,0.0,True,0.005,0.1,0.0,,0,0,0,0,0,0,0,0,0,0
P00533,Sries13081,False,0,0.0,0.0,True,0.47,0.2222222222222222,0.0,,0,0,0,0,0,0,0,0,0,0
Q05397,Sries13082,False,0,0.0,0.0,True,0.005,0.1,0.0,,0,0,0,0,0,0,0,0,0,0
P18031,Sries13306,False,0,0.0,0.0,False,0.0,0.0,0.0,,0,0,0,0,0,0,0,0,0,0
P14174,Sries13320,False,0,0.0,0.0,True,0.115,0.25,0.0,,0,0,0,0,0,0,0,0,0,0
Q92731,Sries13345,True,1,0.005,0.029411764705882353,True,0.005,0.14285714285714285,0.12425400942116434,0.12425400942116434,0,0,0,0,0,False,False,False,False,False
P00734,Sries13362,False,0,0.0,0.0,False,0.0,0.0,0.0,,0,0,0,0,0,0,0,0,0,0
Q16539,Sries13439,False,0,0.0,0.0,True,0.01,0.09090909090909091,0.0,,0,0,0,0,0,0,0,0,0,0
P06239,Sries13463,False,0,0.0,0.0,True,0.04,0.1,0.0,,0,0,0,0,0,0,0,0,0,0
Q92731,Sries13475,False,0,0.0,0.0,False,0.0,0.0,0.0,,0,0,0,0,0,0,0,0,0,0
P41145,Sries13577,False,0,0.0,0.0,False,0.0,0.0,0.0,,0,0,0,0,0,0,0,0,0,0
P06239,Sries13583,False,0,0.0,0.0,True,0.11,0.10526315789473684,0.0,,0,0,0,0,0,0,0,0,0,0
P55055,Sries13659,False,0,0.0,0.0,True,0.015,0.08333333333333333,0.0,,0,0,0,0,0,0,0,0,0,0
P12931,Sries13686,False,0,0.0,0.0,True,0.005,0.04,0.0,,0,0,0,0,0,0,0,0,0,0
P45452,Sries13975,False,0,0.0,0.0,True,0.005,0.05263157894736842,0.0,,0,0,0,0,0,0,0,0,0,0
P28482,Sries14089,True,1,0.005,0.03225806451612903,True,0.24,0.14285714285714285,0.5051640070750025,0.5051640070750025,1,0,0,0,0,True,False,False,False,False
O14757,Sries14139,True,2,0.01,0.041666666666666664,True,0.02,0.058823529411764705,1.621153005110136,0.9004960129419392,2,1,1,0,0,True,True,True,False,False
P29274,Sries14163,False,0,0.0,0.0,True,0.01,0.0625,0.0,,0,0,0,0,0,0,0,0,0,0
P06276,Sries14260,False,0,0.0,0.0,False,0.0,0.0,0.0,,0,0,0,0,0,0,0,0,0,0
P00749,Sries14362,False,0,0.0,0.0,True,0.025,0.0625,0.0,,0,0,0,0,0,0,0,0,0,0
P55055,Sries14421,False,0,0.0,0.0,True,0.03,0.16666666666666666,0.0,,0,0,0,0,0,0,0,0,0,0
P49137,Sries14437,True,4,0.02,0.13793103448275862,True,0.05,0.3076923076923077,1.6498004947501599,0.5862688075111104,2,0,0,0,0,True,False,False,False,False
P10275,Sries14520,False,0,0.0,0.0,True,0.015,0.14285714285714285,0.0,,0,0,0,0,0,0,0,0,0,0
P21554,Sries14530,True,1,0.005,0.03333333333333333,True,0.09,0.15384615384615385,0.4216495421754665,0.4216495421754665,0,0,0,0,0,False,False,False,False,False
P36897,Sries14607,False,0,0.0,0.0,False,0.0,0.0,0.0,,0,0,0,0,0,0,0,0,0,0
P41145,Sries14641,False,0,0.0,0.0,False,0.0,0.0,0.0,,0,0,0,0,0,0,0,0,0,0
P35968,Sries14930,False,0,0.0,0.0,False,0.0,0.0,0.0,,0,0,0,0,0,0,0,0,0,0
P18031,Sries14949,False,0,0.0,0.0,True,0.03,0.10526315789473684,0.0,,0,0,0,0,0,0,0,0,0,0
P00797,Sries14982,False,0,0.0,0.0,True,0.08,0.07692307692307693,0.0,,0,0,0,0,0,0,0,0,0,0
P10828,Sries15074,False,0,0.0,0.0,True,0.325,0.5,0.0,,0,0,0,0,0,0,0,0,0,0
P10828,Sries15275,False,0,0.0,0.0,True,0.165,0.25,0.0,,0,0,0,0,0,0,0,0,0,0
P18031,Sries15438,False,0,0.0,0.0,False,0.0,0.0,0.0,,0,0,0,0,0,0,0,0,0,0
P06239,Sries15536,False,0,0.0,0.0,False,0.0,0.0,0.0,,0,0,0,0,0,0,0,0,0,0
P08069,Sries15558,False,0,0.0,0.0,True,0.095,0.125,0.0,,0,0,0,0,0,0,0,0,0,0
P49137,Sries15708,False,0,0.0,0.0,True,0.06,0.1,0.0,,0,0,0,0,0,0,0,0,0,0
O14757,Sries15811,False,0,0.0,0.0,True,0.135,0.03333333333333333,0.0,,0,0,0,0,0,0,0,0,0,0
P14416,Sries1588,False,0,0.0,0.0,False,0.0,0.0,0.0,,0,0,0,0,0,0,0,0,0,0
P18031,Sries16024,False,0,0.0,0.0,True,0.08,0.05,0.0,,0,0,0,0,0,0,0,0,0,0
P21554,Sries16309,False,0,0.0,0.0,False,0.0,0.0,0.0,,0,0,0,0,0,0,0,0,0,0
P14174,Sries16420,True,4,0.02,0.5714285714285714,True,0.3,0.8333333333333334,1.761339810873303,1.0,1,1,1,1,1,True,True,True,True,True
P06239,Sries16522,False,0,0.0,0.0,True,0.005,0.047619047619047616,0.0,,0,0,0,0,0,0,0,0,0,0
P10828,Sries16662,False,0,0.0,0.0,True,0.285,0.3333333333333333,0.0,,0,0,0,0,0,0,0,0,0,0
P05979,Sries16708,False,0,0.0,0.0,True,0.005,1.0,0.0,,0,0,0,0,0,0,0,0,0,0
P08183,Sries16757,False,0,0.0,0.0,True,0.52,0.25,0.0,,0,0,0,0,0,0,0,0,0,0
P41145,Sries16881,False,0,0.0,0.0,True,0.41,0.2,0.0,,0,0,0,0,0,0,0,0,0,0
P00918,Sries1710,False,0,0.0,0.0,True,0.03,0.1111111111111111,0.0,,0,0,0,0,0,0,0,0,0,0
P14416,Sries17183,False,0,0.0,0.0,False,0.0,0.0,0.0,,0,0,0,0,0,0,0,0,0,0
O14757,Sries17243,True,1,0.005,0.01639344262295082,True,0.15,0.13793103448275862,0.8909419578863566,0.8909419578863566,1,1,0,0,0,True,True,False,False,False
P00918,Sries1727,False,0,0.0,0.0,True,0.105,0.14285714285714285,0.0,,0,0,0,0,0,0,0,0,0,0
Q03181,Sries17465,False,0,0.0,0.0,False,0.0,0.0,0.0,,0,0,0,0,0,0,0,0,0,0
O14965,Sries17596,False,0,0.0,0.0,False,0.0,0.0,0.0,,0,0,0,0,0,0,0,0,0,0
P45452,Sries17711,False,0,0.0,0.0,True,0.065,0.058823529411764705,0.0,,0,0,0,0,0,0,0,0,0,0
Q96RI1,Sries17726,False,0,0.0,0.0,True,0.005,0.058823529411764705,0.0,,0,0,0,0,0,0,0,0,0,0
P12931,Sries17730,False,0,0.0,0.0,True,0.35,0.2727272727272727,0.0,,0,0,0,0,0,0,0,0,0,0
Q07869,Sries17788,False,0,0.0,0.0,False,0.0,0.0,0.0,,0,0,0,0,0,0,0,0,0,0
P12821,Sries17928,True,1,0.005,0.06666666666666667,True,0.005,0.125,0.3014312556128447,0.3014312556128447,0,0,0,0,0,False,False,False,False,False
P21554,Sries17974,False,0,0.0,0.0,False,0.0,0.0,0.0,,0,0,0,0,0,0,0,0,0,0
Q9BY41,Sries18115,False,0,0.0,0.0,True,0.01,1.0,0.0,,0,0,0,0,0,0,0,0,0,0
P29476,Sries18184,False,0,0.0,0.0,True,0.01,0.1111111111111111,0.0,,0,0,0,0,0,0,0,0,0,0
P24941,Sries18306,True,1,0.005,0.024390243902439025,True,0.005,0.06666666666666667,0.3059743659319929,0.3059743659319929,0,0,0,0,0,False,False,False,False,False
Q03181,Sries18404,False,0,0.0,0.0,False,0.0,0.0,0.0,,0,0,0,0,0,0,0,0,0,0
Q92731,Sries18498,False,0,0.0,0.0,False,0.0,0.0,0.0,,0,0,0,0,0,0,0,0,0,0
P00489,Sries18617,False,0,0.0,0.0,False,0.0,0.0,0.0,,0,0,0,0,0,0,0,0,0,0
Q08499,Sries18697,False,0,0.0,0.0,True,0.23,0.15384615384615385,0.0,,0,0,0,0,0,0,0,0,0,0
Q07869,Sries18787,False,0,0.0,0.0,False,0.0,0.0,0.0,,0,0,0,0,0,0,0,0,0,0
P55055,Sries18794,False,0,0.0,0.0,False,0.0,0.0,0.0,,0,0,0,0,0,0,0,0,0,0
P08183,Sries18978,False,0,0.0,0.0,True,0.34,0.42857142857142855,0.0,,0,0,0,0,0,0,0,0,0,0
P00742,Sries19028,False,0,0.0,0.0,False,0.0,0.0,0.0,,0,0,0,0,0,0,0,0,0,0
Q92769,Sries19298,False,0,0.0,0.0,False,0.0,0.0,0.0,,0,0,0,0,0,0,0,0,0,0
Q9BY41,Sries19300,False,0,0.0,0.0,False,0.0,0.0,0.0,,0,0,0,0,0,0,0,0,0,0
P04150,Sries19399,False,0,0.0,0.0,False,0.0,0.0,0.0,,0,0,0,0,0,0,0,0,0,0
P35372,Sries19404,False,0,0.0,0.0,True,0.405,0.13333333333333333,0.0,,0,0,0,0,0,0,0,0,0,0
P10415,Sries19407,False,0,0.0,0.0,True,0.185,0.1,0.0,,0,0,0,0,0,0,0,0,0,0
P08069,Sries19448,False,0,0.0,0.0,False,0.0,0.0,0.0,,0,0,0,0,0,0,0,0,0,0
P11362,Sries19482,False,0,0.0,0.0,True,0.43,0.058823529411764705,0.0,,0,0,0,0,0,0,0,0,0,0
P29274,Sries19510,False,0,0.0,0.0,False,0.0,0.0,0.0,,0,0,0,0,0,0,0,0,0,0
P00915,Sries1963,False,0,0.0,0.0,False,0.0,0.0,0.0,,0,0,0,0,0,0,0,0,0,0
P49841,Sries19696,False,0,0.0,0.0,False,0.0,0.0,0.0,,0,0,0,0,0,0,0,0,0,0
P18031,Sries19912,False,0,0.0,0.0,True,0.17,0.047619047619047616,0.0,,0,0,0,0,0,0,0,0,0,0
P56817,Sries20072,False,0,0.0,0.0,True,0.325,0.1,0.0,,0,0,0,0,0,0,0,0,0,0
P35557,Sries20095,False,0,0.0,0.0,False,0.0,0.0,0.0,,0,0,0,0,0,0,0,0,0,0
P00489,Sries20143,False,0,0.0,0.0,False,0.0,0.0,0.0,,0,0,0,0,0,0,0,0,0,0
P28845,Sries20165,False,0,0.0,0.0,True,0.265,0.09090909090909091,0.0,,0,0,0,0,0,0,0,0,0,0
O76074,Sries20376,False,0,0.0,0.0,False,0.0,0.0,0.0,,0,0,0,0,0,0,0,0,0,0
Q96RI1,Sries20391,False,0,0.0,0.0,False,0.0,0.0,0.0,,0,0,0,0,0,0,0,0,0,0
P53779,Sries20420,False,0,0.0,0.0,True,0.08,0.2,0.0,,0,0,0,0,0,0,0,0,0,0
P00374,Sries20477,True,2,0.01,0.0625,True,0.33,0.6666666666666666,0.35430422602185385,0.19741189130846737,0,0,0,0,0,False,False,False,False,False
P21554,Sries20483,False,0,0.0,0.0,False,0.0,0.0,0.0,,0,0,0,0,0,0,0,0,0,0
P35557,Sries20521,False,0,0.0,0.0,False,0.0,0.0,0.0,,0,0,0,0,0,0,0,0,0,0
O76074,Sries20967,False,0,0.0,0.0,False,0.0,0.0,0.0,,0,0,0,0,0,0,0,0,0,0
P55055,Sries21106,False,0,0.0,0.0,True,0.13,0.5,0.0,,0,0,0,0,0,0,0,0,0,0
P42336,Sries21266,False,0,0.0,0.0,False,0.0,0.0,0.0,,0,0,0,0,0,0,0,0,0,0
P36897,Sries21323,True,3,0.015,0.11538461538461539,True,0.1,0.2222222222222222,2.07691927406404,0.7746550600811393,3,0,0,0,0,True,False,False,False,False
P00742,Sries2158,False,0,0.0,0.0,True,0.12,0.05405405405405406,0.0,,0,0,0,0,0,0,0,0,0,0
P52732,Sries21909,False,0,0.0,0.0,True,0.145,0.1,0.0,,0,0,0,0,0,0,0,0,0,0
O60674,Sries21963,False,0,0.0,0.0,True,0.04,0.058823529411764705,0.0,,0,0,0,0,0,0,0,0,0,0
Q03181,Sries22033,True,1,0.005,0.008547008547008548,True,0.33,0.043478260869565216,0.42049563972008497,0.42049563972008497,0,0,0,0,0,False,False,False,False,False
P03372,Sries22072,True,1,0.005,0.018518518518518517,True,0.18,0.16,0.28046219356734026,0.28046219356734026,0,0,0,0,0,False,False,False,False,False
Q07869,Sries22289,False,0,0.0,0.0,False,0.0,0.0,0.0,,0,0,0,0,0,0,0,0,0,0
O14965,Sries22555,False,0,0.0,0.0,True,0.255,0.03571428571428571,0.0,,0,0,0,0,0,0,0,0,0,0
P52732,Sries22751,False,0,0.0,0.0,False,0.0,0.0,0.0,,0,0,0,0,0,0,0,0,0,0
Q96RI1,Sries22975,False,0,0.0,0.0,False,0.0,0.0,0.0,,0,0,0,0,0,0,0,0,0,0
P78536,Sries23161,False,0,0.0,0.0,False,0.0,0.0,0.0,,0,0,0,0,0,0,0,0,0,0
P00742,Sries2320,False,0,0.0,0.0,True,0.295,0.06060606060606061,0.0,,0,0,0,0,0,0,0,0,0,0
P28223,Sries23580,False,0,0.0,0.0,False,0.0,0.0,0.0,,0,0,0,0,0,0,0,0,0,0
P31749,Sries23594,False,0,0.0,0.0,False,0.0,0.0,0.0,,0,0,0,0,0,0,0,0,0,0
P00797,Sries23709,False,0,0.0,0.0,False,0.0,0.0,0.0,,0,0,0,0,0,0,0,0,0,0
P56817,Sries23731,False,0,0.0,0.0,True,0.565,0.125,0.0,,0,0,0,0,0,0,0,0,0,0
P36897,Sries23747,False,0,0.0,0.0,True,0.07,0.2857142857142857,0.0,,0,0,0,0,0,0,0,0,0,0
P24941,Sries2413,False,0,0.0,0.0,True,0.03,0.1111111111111111,0.0,,0,0,0,0,0,0,0,0,0,0
P52333,Sries24137,False,0,0.0,0.0,False,0.0,0.0,0.0,,0,0,0,0,0,0,0,0,0,0
P24941,Sries2415,False,0,0.0,0.0,False,0.0,0.0,0.0,,0,0,0,0,0,0,0,0,0,0
P31749,Sries24153,False,0,0.0,0.0,False,0.0,0.0,0.0,,0,0,0,0,0,0,0,0,0,0
P31645,Sries24223,True,1,0.005,0.034482758620689655,True,0.02,0.5,0.4424521494526629,0.4424521494526629,0,0,0,0,0,False,False,False,False,False
P53779,Sries24297,True,2,0.01,0.06666666666666667,True,0.06,0.14285714285714285,1.3324885259475563,0.8135199248141229,2,1,0,0,0,True,True,False,False,False
P04150,Sries24464,False,0,0.0,0.0,True,0.085,0.25,0.0,,0,0,0,0,0,0,0,0,0,0
P27487,Sries24619,False,0,0.0,0.0,False,0.0,0.0,0.0,,0,0,0,0,0,0,0,0,0,0
P98170,Sries24814,False,0,0.0,0.0,True,0.205,0.2857142857142857,0.0,,0,0,0,0,0,0,0,0,0,0
P08069,Sries24912,False,0,0.0,0.0,True,0.06,0.2,0.0,,0,0,0,0,0,0,0,0,0,0
Q03181,Sries24932,False,0,0.0,0.0,True,0.015,0.25,0.0,,0,0,0,0,0,0,0,0,0,0
P29473,Sries25028,False,0,0.0,0.0,False,0.0,0.0,0.0,,0,0,0,0,0,0,0,0,0,0
P78536,Sries25095,False,0,0.0,0.0,False,0.0,0.0,0.0,,0,0,0,0,0,0,0,0,0,0
P28223,Sries25172,False,0,0.0,0.0,False,0.0,0.0,0.0,,0,0,0,0,0,0,0,0,0,0
P78536,Sries25271,False,0,0.0,0.0,False,0.0,0.0,0.0,,0,0,0,0,0,0,0,0,0,0
P49137,Sries25309,False,0,0.0,0.0,False,0.0,0.0,0.0,,0,0,0,0,0,0,0,0,0,0
P53779,Sries25352,False,0,0.0,0.0,True,0.005,0.06666666666666667,0.0,,0,0,0,0,0,0,0,0,0,0
P35557,Sries25359,False,0,0.0,0.0,True,0.015,0.06666666666666667,0.0,,0,0,0,0,0,0,0,0,0,0
Q07343,Sries25370,False,0,0.0,0.0,False,0.0,0.0,0.0,,0,0,0,0,0,0,0,0,0,0
P49137,Sries25547,False,0,0.0,0.0,False,0.0,0.0,0.0,,0,0,0,0,0,0,0,0,0,0
P08581,Sries25593,False,0,0.0,0.0,True,0.005,0.03571428571428571,0.0,,0,0,0,0,0,0,0,0,0,0
P15056,Sries25989,False,0,0.0,0.0,True,0.145,0.1111111111111111,0.0,,0,0,0,0,0,0,0,0,0,0
O14965,Sries25993,True,1,0.005,0.027777777777777776,True,0.105,0.26666666666666666,0.3461857801505078,0.3461857801505078,0,0,0,0,0,False,False,False,False,False
P00797,Sries26076,False,0,0.0,0.0,False,0.0,0.0,0.0,,0,0,0,0,0,0,0,0,0,0
P16184,Sries2635,False,0,0.0,0.0,False,0.0,0.0,0.0,,0,0,0,0,0,0,0,0,0,0
P16184,Sries2637,False,0,0.0,0.0,False,0.0,0.0,0.0,,0,0,0,0,0,0,0,0,0,0
P16184,Sries2640,False,0,0.0,0.0,False,0.0,0.0,0.0,,0,0,0,0,0,0,0,0,0,0
O76074,Sries26578,False,0,0.0,0.0,False,0.0,0.0,0.0,,0,0,0,0,0,0,0,0,0,0
P34913,Sries26852,False,0,0.0,0.0,True,0.02,0.08333333333333333,0.0,,0,0,0,0,0,0,0,0,0,0
P07550,Sries26918,False,0,0.0,0.0,True,0.01,0.125,0.0,,0,0,0,0,0,0,0,0,0,0
P45452,Sries26969,True,1,0.005,0.025,True,0.175,0.125,0.8518445684968347,0.8518445684968347,1,1,0,0,0,True,True,False,False,False
P53350,Sries27055,False,0,0.0,0.0,True,0.015,0.125,0.0,,0,0,0,0,0,0,0,0,0,0
P00489,Sries27156,False,0,0.0,0.0,False,0.0,0.0,0.0,,0,0,0,0,0,0,0,0,0,0
P27487,Sries27200,False,0,0.0,0.0,True,0.16,0.034482758620689655,0.0,,0,0,0,0,0,0,0,0,0,0
O14757,Sries27479,True,4,0.02,0.0851063829787234,True,0.06,0.2631578947368421,2.4540423540097995,0.8802635462321345,3,1,0,0,0,True,True,False,False,False
O14965,Sries27665,False,0,0.0,0.0,True,0.13,0.0625,0.0,,0,0,0,0,0,0,0,0,0,0
P41145,Sries27706,False,0,0.0,0.0,True,0.225,0.09090909090909091,0.0,,0,0,0,0,0,0,0,0,0,0
P52732,Sries27715,True,1,0.005,0.021739130434782608,True,0.53,1.0,0.8435546667276336,0.8435546667276336,1,1,0,0,0,True,True,False,False,False
P21554,Sries27805,False,0,0.0,0.0,True,0.02,0.125,0.0,,0,0,0,0,0,0,0,0,0,0
Q07817,Sries27812,False,0,0.0,0.0,False,0.0,0.0,0.0,,0,0,0,0,0,0,0,0,0,0
P34913,Sries27827,False,0,0.0,0.0,True,0.05,0.025,0.0,,0,0,0,0,0,0,0,0,0,0
P08581,Sries27859,False,0,0.0,0.0,False,0.0,0.0,0.0,,0,0,0,0,0,0,0,0,0,0
P35968,Sries27861,False,0,0.0,0.0,False,0.0,0.0,0.0,,0,0,0,0,0,0,0,0,0,0
P00374,Sries2803,False,0,0.0,0.0,False,0.0,0.0,0.0,,0,0,0,0,0,0,0,0,0,0
P42330,Sries28065,True,2,0.01,0.020833333333333332,True,0.03,1.0,0.6363067081032711,0.4370039608822033,0,0,0,0,0,False,False,False,False,False
P52732,Sries28091,True,3,0.015,0.0967741935483871,True,0.03,0.5,2.026023313968473,0.8050655478783474,2,1,0,0,0,True,True,False,False,False
Q02127,Sries2813,False,0,0.0,0.0,False,0.0,0.0,0.0,,0,0,0,0,0,0,0,0,0,0
P00374,Sries2819,True,1,0.005,0.013333333333333334,True,0.12,0.23529411764705882,0.2665443420474113,0.2665443420474113,0,0,0,0,0,False,False,False,False,False
P35372,Sries28190,False,0,0.0,0.0,True,0.02,0.1,0.0,,0,0,0,0,0,0,0,0,0,0
P00915,Sries28220,True,1,0.005,0.021739130434782608,True,0.055,0.1111111111111111,0.25111706057939964,0.25111706057939964,0,0,0,0,0,False,False,False,False,False
P00918,Sries28221,False,0,0.0,0.0,True,0.015,0.045454545454545456,0.0,,0,0,0,0,0,0,0,0,0,0
P33981,Sries28252,False,0,0.0,0.0,False,0.0,0.0,0.0,,0,0,0,0,0,0,0,0,0,0
P62942,Sries28297,True,5,0.025,0.14705882352941177,True,0.135,0.07142857142857142,1.097113623829145,0.27543463216297165,0,0,0,0,0,False,False,False,False,False
P62942,Sries28298,True,1,0.005,0.043478260869565216,True,0.005,0.07142857142857142,0.6307399509965002,0.6307399509965002,1,0,0,0,0,True,False,False,False,False
P68400,Sries28350,False,0,0.0,0.0,False,0.0,0.0,0.0,,0,0,0,0,0,0,0,0,0,0
P48736,Sries28409,True,1,0.005,0.02631578947368421,True,0.165,0.14285714285714285,0.0,0.0,0,0,0,0,0,False,False,False,False,False
P16184,Sries2845,False,0,0.0,0.0,True,0.005,0.25,0.0,,0,0,0,0,0,0,0,0,0,0
P68400,Sries28649,False,0,0.0,0.0,False,0.0,0.0,0.0,,0,0,0,0,0,0,0,0,0,0
P27487,Sries28714,False,0,0.0,0.0,True,0.01,0.2,0.0,,0,0,0,0,0,0,0,0,0,0
P23458,Sries28780,False,0,0.0,0.0,False,0.0,0.0,0.0,,0,0,0,0,0,0,0,0,0,0
Q16539,Sries28822,False,0,0.0,0.0,False,0.0,0.0,0.0,,0,0,0,0,0,0,0,0,0,0
P35372,Sries29101,False,0,0.0,0.0,False,0.0,0.0,0.0,,0,0,0,0,0,0,0,0,0,0
P49137,Sries29175,False,0,0.0,0.0,False,0.0,0.0,0.0,,0,0,0,0,0,0,0,0,0,0
Q8TEK3,Sries29272,False,0,0.0,0.0,True,0.015,0.1111111111111111,0.0,,0,0,0,0,0,0,0,0,0,0
P25440,Sries29405,False,0,0.0,0.0,True,0.245,0.07142857142857142,0.0,,0,0,0,0,0,0,0,0,0,0
P25440,Sries29432,False,0,0.0,0.0,False,0.0,0.0,0.0,,0,0,0,0,0,0,0,0,0,0
Q16539,Sries29441,False,0,0.0,0.0,False,0.0,0.0,0.0,,0,0,0,0,0,0,0,0,0,0
P31749,Sries29519,False,0,0.0,0.0,True,0.59,0.1111111111111111,0.0,,0,0,0,0,0,0,0,0,0,0
P28845,Sries29607,False,0,0.0,0.0,False,0.0,0.0,0.0,,0,0,0,0,0,0,0,0,0,0
P15145,Sries29708,False,0,0.0,0.0,True,0.12,0.09090909090909091,0.0,,0,0,0,0,0,0,0,0,0,0
P00374,Sries2975,False,0,0.0,0.0,True,0.085,0.3333333333333333,0.0,,0,0,0,0,0,0,0,0,0,0
P12931,Sries30157,False,0,0.0,0.0,True,0.04,0.3333333333333333,0.0,,0,0,0,0,0,0,0,0,0,0
P34913,Sries30256,False,0,0.0,0.0,True,0.15,0.19047619047619047,0.0,,0,0,0,0,0,0,0,0,0,0
Q07820,Sries30260,False,0,0.0,0.0,False,0.0,0.0,0.0,,0,0,0,0,0,0,0,0,0,0
P28223,Sries306,False,0,0.0,0.0,True,0.005,0.1,0.0,,0,0,0,0,0,0,0,0,0,0
P52732,Sries30654,True,1,0.005,0.029411764705882353,True,0.35,0.5,0.8004777711003668,0.8004777711003668,1,1,0,0,0,True,True,False,False,False
P31749,Sries30671,True,1,0.005,0.029411764705882353,True,0.085,0.08333333333333333,0.8081863917819756,0.8081863917819756,1,1,0,0,0,True,True,False,False,False
P42330,Sries30703,False,0,0.0,0.0,True,0.55,0.1111111111111111,0.0,,0,0,0,0,0,0,0,0,0,0
P15145,Sries30726,False,0,0.0,0.0,True,0.02,1.0,0.0,,0,0,0,0,0,0,0,0,0,0
O43570,Sries30907,True,2,0.01,0.08695652173913043,True,0.075,0.07142857142857142,0.3546177873929759,0.26385574357666897,0,0,0,0,0,False,False,False,False,False
P35557,Sries31224,False,0,0.0,0.0,False,0.0,0.0,0.0,,0,0,0,0,0,0,0,0,0,0
Q02750,Sries31344,False,0,0.0,0.0,True,0.005,0.1111111111111111,0.0,,0,0,0,0,0,0,0,0,0,0
P16184,Sries31459,False,0,0.0,0.0,False,0.0,0.0,0.0,,0,0,0,0,0,0,0,0,0,0
P00374,Sries31460,False,0,0.0,0.0,False,0.0,0.0,0.0,,0,0,0,0,0,0,0,0,0,0
P00797,Sries31603,False,0,0.0,0.0,True,0.135,0.2727272727272727,0.0,,0,0,0,0,0,0,0,0,0,0
P29597,Sries31637,False,0,0.0,0.0,True,0.005,0.2,0.0,,0,0,0,0,0,0,0,0,0,0
P43490,Sries31774,False,0,0.0,0.0,False,0.0,0.0,0.0,,0,0,0,0,0,0,0,0,0,0
Q07817,Sries31849,False,0,0.0,0.0,False,0.0,0.0,0.0,,0,0,0,0,0,0,0,0,0,0
P28845,Sries32048,True,1,0.005,0.02564102564102564,True,0.065,0.21739130434782608,0.4989480663537088,0.4989480663537088,0,0,0,0,0,False,False,False,False,False
P45452,Sries32071,False,0,0.0,0.0,False,0.0,0.0,0.0,,0,0,0,0,0,0,0,0,0,0
P15145,Sries32171,False,0,0.0,0.0,True,0.23,0.3333333333333333,0.0,,0,0,0,0,0,0,0,0,0,0
P43490,Sries32340,True,2,0.01,0.043478260869565216,True,0.02,0.05555555555555555,0.42542803237791,0.27677408711436746,0,0,0,0,0,False,False,False,False,False
P29597,Sries32388,False,0,0.0,0.0,False,0.0,0.0,0.0,,0,0,0,0,0,0,0,0,0,0
P25440,Sries32617,True,1,0.005,0.06666666666666667,True,0.34,0.4,0.5454544631553526,0.5454544631553526,1,0,0,0,0,True,False,False,False,False
P35372,Sries32797,False,0,0.0,0.0,False,0.0,0.0,0.0,,0,0,0,0,0,0,0,0,0,0
O43570,Sries32806,False,0,0.0,0.0,True,0.18,0.3333333333333333,0.0,,0,0,0,0,0,0,0,0,0,0
Q13627,Sries33181,False,0,0.0,0.0,False,0.0,0.0,0.0,,0,0,0,0,0,0,0,0,0,0
Q9BY41,Sries33289,False,0,0.0,0.0,True,0.07,0.2,0.0,,0,0,0,0,0,0,0,0,0,0
Q92769,Sries33292,False,0,0.0,0.0,True,0.09,0.2,0.0,,0,0,0,0,0,0,0,0,0,0
P42330,Sries33352,False,0,0.0,0.0,False,0.0,0.0,0.0,,0,0,0,0,0,0,0,0,0,0
Q07343,Sries33573,False,0,0.0,0.0,True,0.115,0.25,0.0,,0,0,0,0,0,0,0,0,0,0
P03951,Sries33835,False,0,0.0,0.0,True,0.16,0.16666666666666666,0.0,,0,0,0,0,0,0,0,0,0,0
P28845,Sries33888,False,0,0.0,0.0,False,0.0,0.0,0.0,,0,0,0,0,0,0,0,0,0,0
P35557,Sries34040,False,0,0.0,0.0,False,0.0,0.0,0.0,,0,0,0,0,0,0,0,0,0,0
P00533,Sries34313,False,0,0.0,0.0,False,0.0,0.0,0.0,,0,0,0,0,0,0,0,0,0,0
P07900,Sries34388,False,0,0.0,0.0,False,0.0,0.0,0.0,,0,0,0,0,0,0,0,0,0,0
P00489,Sries34477,False,0,0.0,0.0,False,0.0,0.0,0.0,,0,0,0,0,0,0,0,0,0,0
P43405,Sries34603,False,0,0.0,0.0,True,0.1,0.09090909090909091,0.0,,0,0,0,0,0,0,0,0,0,0
P00915,Sries34639,True,1,0.005,0.038461538461538464,True,0.075,0.5714285714285714,0.55638188313038,0.55638188313038,1,0,0,0,0,True,False,False,False,False
Q02750,Sries34699,False,0,0.0,0.0,False,0.0,0.0,0.0,,0,0,0,0,0,0,0,0,0,0
P10828,Sries34775,False,0,0.0,0.0,True,0.14,0.14285714285714285,0.0,,0,0,0,0,0,0,0,0,0,0
P07550,Sries34928,False,0,0.0,0.0,False,0.0,0.0,0.0,,0,0,0,0,0,0,0,0,0,0
P41145,Sries35218,False,0,0.0,0.0,True,0.04,0.25,0.0,,0,0,0,0,0,0,0,0,0,0
P25440,Sries35375,False,0,0.0,0.0,True,0.175,0.25,0.0,,0,0,0,0,0,0,0,0,0,0
P53779,Sries35824,False,0,0.0,0.0,True,0.06,0.07692307692307693,0.0,,0,0,0,0,0,0,0,0,0,0
P29473,Sries36014,False,0,0.0,0.0,False,0.0,0.0,0.0,,0,0,0,0,0,0,0,0,0,0
Q08499,Sries36017,False,0,0.0,0.0,True,0.225,0.1111111111111111,0.0,,0,0,0,0,0,0,0,0,0,0
P10275,Sries36030,True,4,0.02,0.1111111111111111,True,0.155,0.1111111111111111,2.060195194123691,0.7226928598378375,2,0,0,0,0,True,False,False,False,False
Q08499,Sries36056,False,0,0.0,0.0,False,0.0,0.0,0.0,,0,0,0,0,0,0,0,0,0,0
P00489,Sries36126,False,0,0.0,0.0,False,0.0,0.0,0.0,,0,0,0,0,0,0,0,0,0,0
Q9BY41,Sries36147,False,0,0.0,0.0,True,0.07,0.2,0.0,,0,0,0,0,0,0,0,0,0,0
P28482,Sries36338,False,0,0.0,0.0,True,0.1,0.125,0.0,,0,0,0,0,0,0,0,0,0,0
P00338,Sries36422,False,0,0.0,0.0,False,0.0,0.0,0.0,,0,0,0,0,0,0,0,0,0,0
Q06124,Sries36499,False,0,0.0,0.0,False,0.0,0.0,0.0,,0,0,0,0,0,0,0,0,0,0
P33981,Sries36511,False,0,0.0,0.0,True,0.01,0.03225806451612903,0.0,,0,0,0,0,0,0,0,0,0,0
P14416,Sries36596,False,0,0.0,0.0,True,0.16,0.045454545454545456,0.0,,0,0,0,0,0,0,0,0,0,0
Q96RI1,Sries36730,False,0,0.0,0.0,True,0.205,0.2857142857142857,0.0,,0,0,0,0,0,0,0,0,0,0
P03951,Sries36788,False,0,0.0,0.0,False,0.0,0.0,0.0,,0,0,0,0,0,0,0,0,0,0
Q02127,Sries37142,False,0,0.0,0.0,False,0.0,0.0,0.0,,0,0,0,0,0,0,0,0,0,0
P33981,Sries37317,False,0,0.0,0.0,False,0.0,0.0,0.0,,0,0,0,0,0,0,0,0,0,0
P03372,Sries37448,False,0,0.0,0.0,True,0.185,0.25,0.0,,0,0,0,0,0,0,0,0,0,0
P62942,Sries3768,False,0,0.0,0.0,False,0.0,0.0,0.0,,0,0,0,0,0,0,0,0,0,0
P00338,Sries37689,False,0,0.0,0.0,True,0.015,0.08333333333333333,0.0,,0,0,0,0,0,0,0,0,0,0
O14757,Sries37726,False,0,0.0,0.0,True,0.04,0.10344827586206896,0.0,,0,0,0,0,0,0,0,0,0,0
P62942,Sries3773,True,1,0.005,0.1,True,0.01,0.1111111111111111,0.0,0.0,0,0,0,0,0,False,False,False,False,False
Q6PL18,Sries37743,True,2,0.01,0.11764705882352941,True,0.145,0.25,0.666667153583658,0.666667153583658,1,0,0,0,0,True,False,False,False,False
Q6PL18,Sries37848,False,0,0.0,0.0,True,0.23,0.07692307692307693,0.0,,0,0,0,0,0,0,0,0,0,0
Q9H2K2,Sries37993,False,0,0.0,0.0,True,0.16,0.3333333333333333,0.0,,0,0,0,0,0,0,0,0,0,0
P07900,Sries38184,False,0,0.0,0.0,True,0.32,0.045454545454545456,0.0,,0,0,0,0,0,0,0,0,0,0
P42336,Sries38313,False,0,0.0,0.0,True,0.015,0.1,0.0,,0,0,0,0,0,0,0,0,0,0
P28223,Sries38458,False,0,0.0,0.0,False,0.0,0.0,0.0,,0,0,0,0,0,0,0,0,0,0
P00533,Sries38642,False,0,0.0,0.0,True,0.05,0.0625,0.0,,0,0,0,0,0,0,0,0,0,0
P43405,Sries38682,False,0,0.0,0.0,False,0.0,0.0,0.0,,0,0,0,0,0,0,0,0,0,0
P28482,Sries39050,False,0,0.0,0.0,True,0.03,0.05263157894736842,0.0,,0,0,0,0,0,0,0,0,0,0
Q9Y233,Sries39069,False,0,0.0,0.0,True,0.01,0.008620689655172414,0.0,,0,0,0,0,0,0,0,0,0,0
P24941,Sries39127,False,0,0.0,0.0,True,0.415,0.4,0.0,,0,0,0,0,0,0,0,0,0,0
Q02750,Sries39222,False,0,0.0,0.0,True,0.115,0.25,0.0,,0,0,0,0,0,0,0,0,0,0
Q9UM73,Sries39247,False,0,0.0,0.0,False,0.0,0.0,0.0,,0,0,0,0,0,0,0,0,0,0
P08069,Sries39252,False,0,0.0,0.0,False,0.0,0.0,0.0,,0,0,0,0,0,0,0,0,0,0
O94925,Sries39271,False,0,0.0,0.0,False,0.0,0.0,0.0,,0,0,0,0,0,0,0,0,0,0
O94925,Sries39272,False,0,0.0,0.0,True,0.015,0.01020408163265306,0.0,,0,0,0,0,0,0,0,0,0,0
P52333,Sries39279,False,0,0.0,0.0,False,0.0,0.0,0.0,,0,0,0,0,0,0,0,0,0,0
P11309,Sries39296,False,0,0.0,0.0,True,0.01,0.02040816326530612,0.0,,0,0,0,0,0,0,0,0,0,0
Q06187,Sries39306,False,0,0.0,0.0,False,0.0,0.0,0.0,,0,0,0,0,0,0,0,0,0,0
O75874,Sries39391,False,0,0.0,0.0,True,0.255,0.020134228187919462,0.0,,0,0,0,0,0,0,0,0,0,0
O75874,Sries39392,False,0,0.0,0.0,False,0.0,0.0,0.0,,0,0,0,0,0,0,0,0,0,0
Q9Y233,Sries39393,False,0,0.0,0.0,False,0.0,0.0,0.0,,0,0,0,0,0,0,0,0,0,0
P98170,Sries39400,True,1,0.005,0.005376344086021506,True,0.04,0.011764705882352941,0.10971216974390408,0.10971216974390408,0,0,0,0,0,False,False,False,False,False
P28482,Sries39409,False,0,0.0,0.0,True,0.02,0.00392156862745098,0.0,,0,0,0,0,0,0,0,0,0,0
P37231,Sries39419,False,0,0.0,0.0,True,0.07,0.06521739130434782,0.0,,0,0,0,0,0,0,0,0,0,0
P10415,Sries39526,False,0,0.0,0.0,True,0.215,0.023809523809523808,0.0,,0,0,0,0,0,0,0,0,0,0
P43405,Sries39555,False,0,0.0,0.0,False,0.0,0.0,0.0,,0,0,0,0,0,0,0,0,0,0
P07900,Sries39636,False,0,0.0,0.0,False,0.0,0.0,0.0,,0,0,0,0,0,0,0,0,0,0
Q05397,Sries39638,False,0,0.0,0.0,True,0.155,0.038461538461538464,0.0,,0,0,0,0,0,0,0,0,0,0
Q00987,Sries39664,False,0,0.0,0.0,True,0.02,0.020833333333333332,0.0,,0,0,0,0,0,0,0,0,0,0
P07900,Sries39731,False,0,0.0,0.0,False,0.0,0.0,0.0,,0,0,0,0,0,0,0,0,0,0
P68400,Sries39746,False,0,0.0,0.0,True,0.075,0.05357142857142857,0.0,,0,0,0,0,0,0,0,0,0,0
P52333,Sries39795,False,0,0.0,0.0,True,0.125,0.09523809523809523,0.0,,0,0,0,0,0,0,0,0,0,0
Q00987,Sries39824,False,0,0.0,0.0,True,0.115,0.03571428571428571,0.0,,0,0,0,0,0,0,0,0,0,0
P03372,Sries39825,False,0,0.0,0.0,True,0.745,0.3333333333333333,0.0,,0,0,0,0,0,0,0,0,0,0
P00742,Sries39829,True,1,0.005,0.019230769230769232,True,0.055,0.26666666666666666,0.06532974544295851,0.06532974544295851,0,0,0,0,0,False,False,False,False,False
P11362,Sries39891,True,1,0.005,0.009009009009009009,True,0.115,0.03636363636363636,0.4746387687289737,0.4746387687289737,0,0,0,0,0,False,False,False,False,False
Q00987,Sries39939,False,0,0.0,0.0,True,0.145,0.009433962264150943,0.0,,0,0,0,0,0,0,0,0,0,0
P03951,Sries39940,False,0,0.0,0.0,False,0.0,0.0,0.0,,0,0,0,0,0,0,0,0,0,0
P56817,Sries39959,False,0,0.0,0.0,True,0.28,0.05194805194805195,0.0,,0,0,0,0,0,0,0,0,0,0
P56817,Sries39970,False,0,0.0,0.0,False,0.0,0.0,0.0,,0,0,0,0,0,0,0,0,0,0
Q05397,Sries39973,False,0,0.0,0.0,False,0.0,0.0,0.0,,0,0,0,0,0,0,0,0,0,0
O60674,Sries40075,False,0,0.0,0.0,False,0.0,0.0,0.0,,0,0,0,0,0,0,0,0,0,0
O60674,Sries40137,False,0,0.0,0.0,True,0.175,0.018518518518518517,0.0,,0,0,0,0,0,0,0,0,0,0
P37231,Sries40410,True,3,0.015,0.06382978723404255,True,0.335,0.125,1.0028017021097506,0.42254146214045185,0,0,0,0,0,False,False,False,False,False
P49841,Sries40418,False,0,0.0,0.0,True,0.2,0.2,0.0,,0,0,0,0,0,0,0,0,0,0
Q02750,Sries40647,False,0,0.0,0.0,False,0.0,0.0,0.0,,0,0,0,0,0,0,0,0,0,0
P68400,Sries40968,True,1,0.005,0.058823529411764705,True,0.04,0.2,1.0,1.0,1,1,1,1,1,True,True,True,True,True
P09874,Sries41033,False,0,0.0,0.0,True,0.155,0.08333333333333333,0.0,,0,0,0,0,0,0,0,0,0,0
P15145,Sries41168,False,0,0.0,0.0,True,0.055,1.0,0.0,,0,0,0,0,0,0,0,0,0,0
O94925,Sries41296,False,0,0.0,0.0,False,0.0,0.0,0.0,,0,0,0,0,0,0,0,0,0,0
P05979,Sries41444,False,0,0.0,0.0,True,0.005,0.08333333333333333,0.0,,0,0,0,0,0,0,0,0,0,0
O60885,Sries41516,False,0,0.0,0.0,True,0.235,0.05555555555555555,0.0,,0,0,0,0,0,0,0,0,0,0
Q07820,Sries41548,False,0,0.0,0.0,True,0.05,0.038461538461538464,0.0,,0,0,0,0,0,0,0,0,0,0
P11362,Sries4197,False,0,0.0,0.0,True,0.59,0.0625,0.0,,0,0,0,0,0,0,0,0,0,0
P00533,Sries42016,False,0,0.0,0.0,False,0.0,0.0,0.0,,0,0,0,0,0,0,0,0,0,0
Q92793,Sries42215,False,0,0.0,0.0,False,0.0,0.0,0.0,,0,0,0,0,0,0,0,0,0,0
O94925,Sries42223,False,0,0.0,0.0,False,0.0,0.0,0.0,,0,0,0,0,0,0,0,0,0,0
P08069,Sries42410,False,0,0.0,0.0,False,0.0,0.0,0.0,,0,0,0,0,0,0,0,0,0,0
Q9UM73,Sries42432,False,0,0.0,0.0,True,0.115,0.05263157894736842,0.0,,0,0,0,0,0,0,0,0,0,0
Q07869,Sries42517,False,0,0.0,0.0,True,0.005,0.5,0.0,,0,0,0,0,0,0,0,0,0,0
P49841,Sries4263,False,0,0.0,0.0,False,0.0,0.0,0.0,,0,0,0,0,0,0,0,0,0,0
O76074,Sries42786,False,0,0.0,0.0,True,0.005,0.027777777777777776,0.0,,0,0,0,0,0,0,0,0,0,0
P43490,Sries43027,False,0,0.0,0.0,False,0.0,0.0,0.0,,0,0,0,0,0,0,0,0,0,0
P04150,Sries43051,False,0,0.0,0.0,False,0.0,0.0,0.0,,0,0,0,0,0,0,0,0,0,0
P42330,Sries43079,False,0,0.0,0.0,True,0.02,0.09523809523809523,0.0,,0,0,0,0,0,0,0,0,0,0
P14174,Sries43156,False,0,0.0,0.0,True,0.135,0.25,0.0,,0,0,0,0,0,0,0,0,0,0
P28223,Sries43197,False,0,0.0,0.0,True,0.12,0.05,0.0,,0,0,0,0,0,0,0,0,0,0
Q02127,Sries43375,False,0,0.0,0.0,False,0.0,0.0,0.0,,0,0,0,0,0,0,0,0,0,0
P11362,Sries43413,False,0,0.0,0.0,True,0.315,0.008064516129032258,0.0,,0,0,0,0,0,0,0,0,0,0
P35968,Sries43461,False,0,0.0,0.0,True,0.03,0.017857142857142856,0.0,,0,0,0,0,0,0,0,0,0,0
Q9UM73,Sries43624,False,0,0.0,0.0,False,0.0,0.0,0.0,,0,0,0,0,0,0,0,0,0,0
Q06187,Sries43664,False,0,0.0,0.0,False,0.0,0.0,0.0,,0,0,0,0,0,0,0,0,0,0
P49841,Sries43840,False,0,0.0,0.0,True,0.21,0.0625,0.0,,0,0,0,0,0,0,0,0,0,0
P43405,Sries43849,False,0,0.0,0.0,True,0.14,0.030303030303030304,0.0,,0,0,0,0,0,0,0,0,0,0
P10415,Sries43858,False,0,0.0,0.0,True,0.035,0.020202020202020204,0.0,,0,0,0,0,0,0,0,0,0,0
Q15910,Sries43862,False,0,0.0,0.0,False,0.0,0.0,0.0,,0,0,0,0,0,0,0,0,0,0
P33981,Sries43970,False,0,0.0,0.0,True,0.64,0.0625,0.0,,0,0,0,0,0,0,0,0,0,0
P29473,Sries44005,False,0,0.0,0.0,True,0.02,0.3333333333333333,0.0,,0,0,0,0,0,0,0,0,0,0
P15056,Sries44024,False,0,0.0,0.0,True,0.29,0.09523809523809523,0.0,,0,0,0,0,0,0,0,0,0,0
P51449,Sries44031,False,0,0.0,0.0,True,0.1,0.05172413793103448,0.0,,0,0,0,0,0,0,0,0,0,0
P29476,Sries44113,False,0,0.0,0.0,False,0.0,0.0,0.0,,0,0,0,0,0,0,0,0,0,0
P29473,Sries44115,False,0,0.0,0.0,False,0.0,0.0,0.0,,0,0,0,0,0,0,0,0,0,0
P15056,Sries44118,False,0,0.0,0.0,False,0.0,0.0,0.0,,0,0,0,0,0,0,0,0,0,0
Q07817,Sries44140,False,0,0.0,0.0,True,0.185,0.3333333333333333,0.0,,0,0,0,0,0,0,0,0,0,0
Q9NWZ3,Sries44170,False,0,0.0,0.0,False,0.0,0.0,0.0,,0,0,0,0,0,0,0,0,0,0
P11309,Sries44180,False,0,0.0,0.0,True,0.005,0.006756756756756757,0.0,,0,0,0,0,0,0,0,0,0,0
P07550,Sries44184,False,0,0.0,0.0,True,0.02,0.3333333333333333,0.0,,0,0,0,0,0,0,0,0,0,0
Q9Y233,Sries44186,False,0,0.0,0.0,False,0.0,0.0,0.0,,0,0,0,0,0,0,0,0,0,0
P09874,Sries44188,True,1,0.005,0.015625,True,0.08,0.13333333333333333,0.7205997437249221,0.7205997437249221,1,0,0,0,0,True,False,False,False,False
P35372,Sries44226,False,0,0.0,0.0,False,0.0,0.0,0.0,,0,0,0,0,0,0,0,0,0,0
Q07817,Sries44232,True,3,0.015,0.02142857142857143,True,0.03,0.014925373134328358,1.2804205628152596,0.4753520702817776,0,0,0,0,0,False,False,False,False,False
O14965,Sries44255,False,0,0.0,0.0,True,0.01,0.14285714285714285,0.0,,0,0,0,0,0,0,0,0,0,0
P00797,Sries44284,False,0,0.0,0.0,False,0.0,0.0,0.0,,0,0,0,0,0,0,0,0,0,0
P00519,Sries44295,False,0,0.0,0.0,False,0.0,0.0,0.0,,0,0,0,0,0,0,0,0,0,0
P00519,Sries44296,False,0,0.0,0.0,False,0.0,0.0,0.0,,0,0,0,0,0,0,0,0,0,0
P33981,Sries44305,False,0,0.0,0.0,True,0.19,0.07142857142857142,0.0,,0,0,0,0,0,0,0,0,0,0
P34913,Sries44312,True,4,0.02,0.08333333333333333,True,0.2,0.15,2.330233657065846,0.7800095355473659,2,0,0,0,0,True,False,False,False,False
P56817,Sries44318,False,0,0.0,0.0,False,0.0,0.0,0.0,,0,0,0,0,0,0,0,0,0,0
P43490,Sries44326,False,0,0.0,0.0,True,0.16,0.004366812227074236,0.0,,0,0,0,0,0,0,0,0,0,0
P43490,Sries44327,False,0,0.0,0.0,True,0.01,0.0018832391713747645,0.0,,0,0,0,0,0,0,0,0,0,0
P51449,Sries44377,False,0,0.0,0.0,True,0.04,0.034482758620689655,0.0,,0,0,0,0,0,0,0,0,0,0
O60885,Sries44384,False,0,0.0,0.0,True,0.185,0.045112781954887216,0.0,,0,0,0,0,0,0,0,0,0,0
P11309,Sries44454,False,0,0.0,0.0,False,0.0,0.0,0.0,,0,0,0,0,0,0,0,0,0,0
P04629,Sries44458,False,0,0.0,0.0,True,0.28,0.018018018018018018,0.0,,0,0,0,0,0,0,0,0,0,0
P23458,Sries44484,False,0,0.0,0.0,False,0.0,0.0,0.0,,0,0,0,0,0,0,0,0,0,0
P00519,Sries44502,False,0,0.0,0.0,False,0.0,0.0,0.0,,0,0,0,0,0,0,0,0,0,0
P10415,Sries44529,False,0,0.0,0.0,False,0.0,0.0,0.0,,0,0,0,0,0,0,0,0,0,0
Q07817,Sries44530,False,0,0.0,0.0,False,0.0,0.0,0.0,,0,0,0,0,0,0,0,0,0,0
O76074,Sries44604,False,0,0.0,0.0,False,0.0,0.0,0.0,,0,0,0,0,0,0,0,0,0,0
P98170,Sries44671,False,0,0.0,0.0,True,0.095,0.03125,0.0,,0,0,0,0,0,0,0,0,0,0
P23458,Sries44673,False,0,0.0,0.0,True,0.09,0.0379746835443038,0.0,,0,0,0,0,0,0,0,0,0,0
P11309,Sries44702,False,0,0.0,0.0,False,0.0,0.0,0.0,,0,0,0,0,0,0,0,0,0,0
Q8TEK3,Sries44798,False,0,0.0,0.0,False,0.0,0.0,0.0,,0,0,0,0,0,0,0,0,0,0
O75874,Sries44851,False,0,0.0,0.0,False,0.0,0.0,0.0,,0,0,0,0,0,0,0,0,0,0
O75874,Sries44852,False,0,0.0,0.0,False,0.0,0.0,0.0,,0,0,0,0,0,0,0,0,0,0
P11309,Sries44853,False,0,0.0,0.0,True,0.01,0.012658227848101266,0.0,,0,0,0,0,0,0,0,0,0,0
P00734,Sries44917,False,0,0.0,0.0,False,0.0,0.0,0.0,,0,0,0,0,0,0,0,0,0,0
P51449,Sries44923,False,0,0.0,0.0,True,0.015,0.005917159763313609,0.0,,0,0,0,0,0,0,0,0,0,0
Q06187,Sries44961,False,0,0.0,0.0,False,0.0,0.0,0.0,,0,0,0,0,0,0,0,0,0,0
P29274,Sries45358,False,0,0.0,0.0,False,0.0,0.0,0.0,,0,0,0,0,0,0,0,0,0,0
P78536,Sries45632,False,0,0.0,0.0,False,0.0,0.0,0.0,,0,0,0,0,0,0,0,0,0,0
Q92793,Sries45694,True,1,0.005,0.02631578947368421,True,0.015,0.05263157894736842,0.6708266074367615,0.6708266074367615,1,0,0,0,0,True,False,False,False,False
P28845,Sries45836,False,0,0.0,0.0,False,0.0,0.0,0.0,,0,0,0,0,0,0,0,0,0,0
O43570,Sries46169,False,0,0.0,0.0,False,0.0,0.0,0.0,,0,0,0,0,0,0,0,0,0,0
P09874,Sries46319,False,0,0.0,0.0,True,0.01,0.07692307692307693,0.0,,0,0,0,0,0,0,0,0,0,0
P04150,Sries46371,True,1,0.005,0.04,True,0.03,0.05555555555555555,0.8137863717741577,0.8137863717741577,1,1,0,0,0,True,True,False,False,False
P03951,Sries46406,False,0,0.0,0.0,True,0.11,0.045454545454545456,0.0,,0,0,0,0,0,0,0,0,0,0
P00533,Sries46644,False,0,0.0,0.0,True,0.435,0.07142857142857142,0.0,,0,0,0,0,0,0,0,0,0,0
P29473,Sries46739,False,0,0.0,0.0,False,0.0,0.0,0.0,,0,0,0,0,0,0,0,0,0,0
Q9NWZ3,Sries46938,False,0,0.0,0.0,True,0.01,0.08333333333333333,0.0,,0,0,0,0,0,0,0,0,0,0
P29476,Sries47098,False,0,0.0,0.0,True,0.04,0.3333333333333333,0.0,,0,0,0,0,0,0,0,0,0,0
P52333,Sries47183,True,2,0.01,0.06060606060606061,True,0.035,0.2,1.4323276891323304,0.8311453288540701,2,1,0,0,0,True,True,False,False,False
P08183,Sries47237,False,0,0.0,0.0,False,0.0,0.0,0.0,,0,0,0,0,0,0,0,0,0,0
P09874,Sries47571,True,4,0.02,0.1,True,0.235,0.17647058823529413,2.2620137817393218,0.6678777435846829,3,0,0,0,0,True,False,False,False,False
P15145,Sries47862,False,0,0.0,0.0,True,0.055,0.16666666666666666,0.0,,0,0,0,0,0,0,0,0,0,0
P53350,Sries47872,False,0,0.0,0.0,False,0.0,0.0,0.0,,0,0,0,0,0,0,0,0,0,0
P25440,Sries47896,True,3,0.015,0.11538461538461539,True,0.24,0.18181818181818182,1.615072345287965,0.6397423830878494,2,0,0,0,0,True,False,False,False,False
Q92793,Sries48033,False,0,0.0,0.0,True,0.055,0.14285714285714285,0.0,,0,0,0,0,0,0,0,0,0,0
P00915,Sries48165,False,0,0.0,0.0,False,0.0,0.0,0.0,,0,0,0,0,0,0,0,0,0,0
O43570,Sries48300,False,0,0.0,0.0,True,0.12,0.125,0.0,,0,0,0,0,0,0,0,0,0,0
P98170,Sries48327,False,0,0.0,0.0,False,0.0,0.0,0.0,,0,0,0,0,0,0,0,0,0,0
P37231,Sries48342,False,0,0.0,0.0,False,0.0,0.0,0.0,,0,0,0,0,0,0,0,0,0,0
Q92793,Sries48618,False,0,0.0,0.0,False,0.0,0.0,0.0,,0,0,0,0,0,0,0,0,0,0
P00749,Sries49169,False,0,0.0,0.0,True,0.12,0.05555555555555555,0.0,,0,0,0,0,0,0,0,0,0,0
Q02127,Sries49495,False,0,0.0,0.0,False,0.0,0.0,0.0,,0,0,0,0,0,0,0,0,0,0
P29597,Sries49780,False,0,0.0,0.0,True,0.005,0.1,0.0,,0,0,0,0,0,0,0,0,0,0
Q9BY41,Sries49801,False,0,0.0,0.0,True,0.005,0.3333333333333333,0.0,,0,0,0,0,0,0,0,0,0,0
P98170,Sries49953,False,0,0.0,0.0,False,0.0,0.0,0.0,,0,0,0,0,0,0,0,0,0,0
P14174,Sries5023,False,0,0.0,0.0,True,0.09,0.2857142857142857,0.0,,0,0,0,0,0,0,0,0,0,0
P22303,Sries50511,False,0,0.0,0.0,False,0.0,0.0,0.0,,0,0,0,0,0,0,0,0,0,0
P06276,Sries50521,False,0,0.0,0.0,False,0.0,0.0,0.0,,0,0,0,0,0,0,0,0,0,0
P19793,Sries50731,False,0,0.0,0.0,True,0.025,1.0,0.0,,0,0,0,0,0,0,0,0,0,0
P04629,Sries50743,False,0,0.0,0.0,False,0.0,0.0,0.0,,0,0,0,0,0,0,0,0,0,0
P04629,Sries50744,False,0,0.0,0.0,False,0.0,0.0,0.0,,0,0,0,0,0,0,0,0,0,0
P41143,Sries50828,False,0,0.0,0.0,False,0.0,0.0,0.0,,0,0,0,0,0,0,0,0,0,0
P00918,Sries51042,False,0,0.0,0.0,True,0.015,0.043478260869565216,0.0,,0,0,0,0,0,0,0,0,0,0
O43570,Sries51048,False,0,0.0,0.0,True,0.085,0.043478260869565216,0.0,,0,0,0,0,0,0,0,0,0,0
P08254,Sries5107,False,0,0.0,0.0,True,0.195,0.15789473684210525,0.0,,0,0,0,0,0,0,0,0,0,0
Q9H2K2,Sries51129,False,0,0.0,0.0,True,0.08,0.25,0.0,,0,0,0,0,0,0,0,0,0,0
P08254,Sries5114,True,1,0.005,0.025,True,0.59,0.038461538461538464,0.0826385918260844,0.0826385918260844,0,0,0,0,0,False,False,False,False,False
P08254,Sries5116,False,0,0.0,0.0,True,0.525,0.09523809523809523,0.0,,0,0,0,0,0,0,0,0,0,0
P08254,Sries5140,False,0,0.0,0.0,True,0.04,0.15,0.0,,0,0,0,0,0,0,0,0,0,0
Q86WV6,Sries51406,False,0,0.0,0.0,False,0.0,0.0,0.0,,0,0,0,0,0,0,0,0,0,0
P08254,Sries5142,False,0,0.0,0.0,True,0.535,0.05,0.0,,0,0,0,0,0,0,0,0,0,0
P00918,Sries51696,False,0,0.0,0.0,True,0.135,0.13333333333333333,0.0,,0,0,0,0,0,0,0,0,0,0
P14902,Sries51808,False,0,0.0,0.0,True,0.03,0.3333333333333333,0.0,,0,0,0,0,0,0,0,0,0,0
P29476,Sries52086,False,0,0.0,0.0,True,0.105,0.07142857142857142,0.0,,0,0,0,0,0,0,0,0,0,0
O60885,Sries52102,False,0,0.0,0.0,False,0.0,0.0,0.0,,0,0,0,0,0,0,0,0,0,0
P51449,Sries52198,False,0,0.0,0.0,False,0.0,0.0,0.0,,0,0,0,0,0,0,0,0,0,0
Q07820,Sries52466,False,0,0.0,0.0,False,0.0,0.0,0.0,,0,0,0,0,0,0,0,0,0,0
Q6PL18,Sries52558,False,0,0.0,0.0,False,0.0,0.0,0.0,,0,0,0,0,0,0,0,0,0,0
O75874,Sries52575,False,0,0.0,0.0,False,0.0,0.0,0.0,,0,0,0,0,0,0,0,0,0,0
P14902,Sries52752,True,1,0.005,0.02,True,0.385,0.2,0.5437931004769274,0.5437931004769274,1,0,0,0,0,True,False,False,False,False
Q14145,Sries52768,False,0,0.0,0.0,True,0.45,0.25,0.0,,0,0,0,0,0,0,0,0,0,0
P07550,Sries53141,False,0,0.0,0.0,True,0.005,0.07692307692307693,0.0,,0,0,0,0,0,0,0,0,0,0
Q07820,Sries53547,False,0,0.0,0.0,True,0.085,0.05,0.0,,0,0,0,0,0,0,0,0,0,0
P06276,Sries53590,False,0,0.0,0.0,False,0.0,0.0,0.0,,0,0,0,0,0,0,0,0,0,0
P29476,Sries53990,False,0,0.0,0.0,True,0.11,0.2,0.0,,0,0,0,0,0,0,0,0,0,0
P07550,Sries54011,False,0,0.0,0.0,False,0.0,0.0,0.0,,0,0,0,0,0,0,0,0,0,0
P53350,Sries54284,False,0,0.0,0.0,False,0.0,0.0,0.0,,0,0,0,0,0,0,0,0,0,0
P00749,Sries54306,False,0,0.0,0.0,True,0.1,0.09090909090909091,0.0,,0,0,0,0,0,0,0,0,0,0
Q8TEK3,Sries54355,False,0,0.0,0.0,True,0.28,0.6666666666666666,0.0,,0,0,0,0,0,0,0,0,0,0
Q8TEK3,Sries54356,False,0,0.0,0.0,False,0.0,0.0,0.0,,0,0,0,0,0,0,0,0,0,0
P10275,Sries54384,False,0,0.0,0.0,False,0.0,0.0,0.0,,0,0,0,0,0,0,0,0,0,0
P00519,Sries54453,False,0,0.0,0.0,False,0.0,0.0,0.0,,0,0,0,0,0,0,0,0,0,0
P14416,Sries54536,False,0,0.0,0.0,True,0.13,0.10526315789473684,0.0,,0,0,0,0,0,0,0,0,0,0
P48736,Sries54548,False,0,0.0,0.0,True,0.005,0.14285714285714285,0.0,,0,0,0,0,0,0,0,0,0,0
P05979,Sries54767,False,0,0.0,0.0,True,0.005,1.0,0.0,,0,0,0,0,0,0,0,0,0,0
P28482,Sries54905,False,0,0.0,0.0,True,0.06,0.4,0.0,,0,0,0,0,0,0,0,0,0,0
P00338,Sries55141,False,0,0.0,0.0,False,0.0,0.0,0.0,,0,0,0,0,0,0,0,0,0,0
Q06124,Sries55164,False,0,0.0,0.0,False,0.0,0.0,0.0,,0,0,0,0,0,0,0,0,0,0
P22303,Sries55259,False,0,0.0,0.0,False,0.0,0.0,0.0,,0,0,0,0,0,0,0,0,0,0
P08581,Sries55422,False,0,0.0,0.0,False,0.0,0.0,0.0,,0,0,0,0,0,0,0,0,0,0
Q8TEK3,Sries55525,False,0,0.0,0.0,False,0.0,0.0,0.0,,0,0,0,0,0,0,0,0,0,0
P45452,Sries5570,False,0,0.0,0.0,True,0.35,0.15789473684210525,0.0,,0,0,0,0,0,0,0,0,0,0
P43405,Sries55723,False,0,0.0,0.0,False,0.0,0.0,0.0,,0,0,0,0,0,0,0,0,0,0
Q14145,Sries55726,False,0,0.0,0.0,True,0.225,0.25,0.0,,0,0,0,0,0,0,0,0,0,0
Q9H2K2,Sries56089,False,0,0.0,0.0,False,0.0,0.0,0.0,,0,0,0,0,0,0,0,0,0,0
Q15910,Sries56106,False,0,0.0,0.0,False,0.0,0.0,0.0,,0,0,0,0,0,0,0,0,0,0
P42330,Sries56274,False,0,0.0,0.0,True,0.01,1.0,0.0,,0,0,0,0,0,0,0,0,0,0
Q92769,Sries56300,False,0,0.0,0.0,False,0.0,0.0,0.0,,0,0,0,0,0,0,0,0,0,0
P03951,Sries56306,False,0,0.0,0.0,False,0.0,0.0,0.0,,0,0,0,0,0,0,0,0,0,0
Q14145,Sries56468,False,0,0.0,0.0,True,0.045,0.2,0.0,,0,0,0,0,0,0,0,0,0,0
P52333,Sries56563,False,0,0.0,0.0,False,0.0,0.0,0.0,,0,0,0,0,0,0,0,0,0,0
O60674,Sries56594,False,0,0.0,0.0,True,0.005,0.0625,0.0,,0,0,0,0,0,0,0,0,0,0
Q02750,Sries5660,False,0,0.0,0.0,False,0.0,0.0,0.0,,0,0,0,0,0,0,0,0,0,0
Q92769,Sries56686,False,0,0.0,0.0,True,0.465,0.07692307692307693,0.0,,0,0,0,0,0,0,0,0,0,0
P48736,Sries56719,False,0,0.0,0.0,True,0.005,0.0625,0.0,,0,0,0,0,0,0,0,0,0,0
P00338,Sries56745,False,0,0.0,0.0,False,0.0,0.0,0.0,,0,0,0,0,0,0,0,0,0,0
Q14145,Sries56748,False,0,0.0,0.0,True,0.01,0.125,0.0,,0,0,0,0,0,0,0,0,0,0
P03372,Sries56886,False,0,0.0,0.0,False,0.0,0.0,0.0,,0,0,0,0,0,0,0,0,0,0
P10275,Sries56902,False,0,0.0,0.0,True,0.235,0.125,0.0,,0,0,0,0,0,0,0,0,0,0
O94925,Sries56905,False,0,0.0,0.0,False,0.0,0.0,0.0,,0,0,0,0,0,0,0,0,0,0
P14902,Sries57171,False,0,0.0,0.0,False,0.0,0.0,0.0,,0,0,0,0,0,0,0,0,0,0
P53350,Sries57193,False,0,0.0,0.0,False,0.0,0.0,0.0,,0,0,0,0,0,0,0,0,0,0
Q92769,Sries57339,False,0,0.0,0.0,True,0.17,0.0625,0.0,,0,0,0,0,0,0,0,0,0,0
P14902,Sries57348,False,0,0.0,0.0,False,0.0,0.0,0.0,,0,0,0,0,0,0,0,0,0,0
P14174,Sries57446,True,2,0.01,0.2,True,0.015,0.5,1.4061234268127203,0.7839861464605625,2,0,0,0,0,True,False,False,False,False
Q96RI1,Sries57455,False,0,0.0,0.0,False,0.0,0.0,0.0,,0,0,0,0,0,0,0,0,0,0
P34913,Sries57471,False,0,0.0,0.0,True,0.2,0.14285714285714285,0.0,,0,0,0,0,0,0,0,0,0,0
P62942,Sries5753,True,2,0.01,0.1,True,0.1,0.42857142857142855,0.9486268715046353,0.6998305074006992,1,0,0,0,0,True,False,False,False,False
P07900,Sries57593,False,0,0.0,0.0,False,0.0,0.0,0.0,,0,0,0,0,0,0,0,0,0,0
P49841,Sries57732,False,0,0.0,0.0,False,0.0,0.0,0.0,,0,0,0,0,0,0,0,0,0,0
O60674,Sries58103,False,0,0.0,0.0,True,0.025,0.1,0.0,,0,0,0,0,0,0,0,0,0,0
P04150,Sries58217,False,0,0.0,0.0,False,0.0,0.0,0.0,,0,0,0,0,0,0,0,0,0,0
Q15910,Sries58690,False,0,0.0,0.0,True,0.06,0.5,0.0,,0,0,0,0,0,0,0,0,0,0
P68400,Sries58749,False,0,0.0,0.0,False,0.0,0.0,0.0,,0,0,0,0,0,0,0,0,0,0
P29597,Sries58925,False,0,0.0,0.0,True,0.035,0.25,0.0,,0,0,0,0,0,0,0,0,0,0
P08183,Sries58996,False,0,0.0,0.0,False,0.0,0.0,0.0,,0,0,0,0,0,0,0,0,0,0
Q13627,Sries59049,False,0,0.0,0.0,True,0.065,0.05,0.0,,0,0,0,0,0,0,0,0,0,0
P00338,Sries59320,False,0,0.0,0.0,True,0.03,0.04,0.0,,0,0,0,0,0,0,0,0,0,0
Q08499,Sries59365,False,0,0.0,0.0,True,0.005,0.25,0.0,,0,0,0,0,0,0,0,0,0,0
P14416,Sries59433,False,0,0.0,0.0,False,0.0,0.0,0.0,,0,0,0,0,0,0,0,0,0,0
P06276,Sries59451,False,0,0.0,0.0,False,0.0,0.0,0.0,,0,0,0,0,0,0,0,0,0,0
Q6PL18,Sries59653,False,0,0.0,0.0,True,0.14,0.6666666666666666,0.0,,0,0,0,0,0,0,0,0,0,0
P08183,Sries59690,False,0,0.0,0.0,False,0.0,0.0,0.0,,0,0,0,0,0,0,0,0,0,0
Q05397,Sries59918,False,0,0.0,0.0,False,0.0,0.0,0.0,,0,0,0,0,0,0,0,0,0,0
P51449,Sries59971,False,0,0.0,0.0,True,0.465,0.058823529411764705,0.0,,0,0,0,0,0,0,0,0,0,0
Q08499,Sries59980,False,0,0.0,0.0,True,0.1,1.0,0.0,,0,0,0,0,0,0,0,0,0,0
Q15910,Sries59985,False,0,0.0,0.0,False,0.0,0.0,0.0,,0,0,0,0,0,0,0,0,0,0
P19793,Sries60098,False,0,0.0,0.0,True,0.005,0.5,0.0,,0,0,0,0,0,0,0,0,0,0
P35968,Sries60300,False,0,0.0,0.0,True,0.065,0.2222222222222222,0.0,,0,0,0,0,0,0,0,0,0,0
P15056,Sries60302,True,1,0.005,0.02857142857142857,True,0.065,0.2222222222222222,0.47689218602446437,0.47689218602446437,0,0,0,0,0,False,False,False,False,False
P31645,Sries60332,False,0,0.0,0.0,True,0.98,0.5,0.0,,0,0,0,0,0,0,0,0,0,0
P14902,Sries60338,False,0,0.0,0.0,True,0.08,0.10526315789473684,0.0,,0,0,0,0,0,0,0,0,0,0
Q06187,Sries60354,False,0,0.0,0.0,False,0.0,0.0,0.0,,0,0,0,0,0,0,0,0,0,0
P03372,Sries60551,False,0,0.0,0.0,True,0.18,0.1111111111111111,0.0,,0,0,0,0,0,0,0,0,0,0
Q07869,Sries60576,False,0,0.0,0.0,False,0.0,0.0,0.0,,0,0,0,0,0,0,0,0,0,0
Q86WV6,Sries60688,False,0,0.0,0.0,True,0.165,0.3333333333333333,0.0,,0,0,0,0,0,0,0,0,0,0
Q15910,Sries60751,False,0,0.0,0.0,False,0.0,0.0,0.0,,0,0,0,0,0,0,0,0,0,0
Q86WV6,Sries60765,False,0,0.0,0.0,False,0.0,0.0,0.0,,0,0,0,0,0,0,0,0,0,0
Q16539,Sries60909,False,0,0.0,0.0,True,0.015,0.06666666666666667,0.0,,0,0,0,0,0,0,0,0,0,0
P00915,Sries60966,False,0,0.0,0.0,True,0.075,0.2,0.0,,0,0,0,0,0,0,0,0,0,0
Q03181,Sries60992,False,0,0.0,0.0,False,0.0,0.0,0.0,,0,0,0,0,0,0,0,0,0,0
Q14145,Sries61012,True,1,0.005,0.041666666666666664,True,0.225,0.09523809523809523,1.0,1.0,1,1,1,1,1,True,True,True,True,True
Q6PL18,Sries61027,False,0,0.0,0.0,False,0.0,0.0,0.0,,0,0,0,0,0,0,0,0,0,0
P06276,Sries61372,False,0,0.0,0.0,True,0.02,0.5,0.0,,0,0,0,0,0,0,0,0,0,0
Q06187,Sries61544,False,0,0.0,0.0,False,0.0,0.0,0.0,,0,0,0,0,0,0,0,0,0,0
P08581,Sries61644,False,0,0.0,0.0,True,0.085,0.09090909090909091,0.0,,0,0,0,0,0,0,0,0,0,0
Q9NWZ3,Sries61746,False,0,0.0,0.0,False,0.0,0.0,0.0,,0,0,0,0,0,0,0,0,0,0
Q06124,Sries62283,True,1,0.005,0.1,True,0.005,0.16666666666666666,0.30235605480396194,0.30235605480396194,0,0,0,0,0,False,False,False,False,False
P22303,Sries62369,False,0,0.0,0.0,False,0.0,0.0,0.0,,0,0,0,0,0,0,0,0,0,0
Q13627,Sries62545,False,0,0.0,0.0,False,0.0,0.0,0.0,,0,0,0,0,0,0,0,0,0,0
P29597,Sries62740,False,0,0.0,0.0,False,0.0,0.0,0.0,,0,0,0,0,0,0,0,0,0,0
Q02127,Sries63042,False,0,0.0,0.0,True,0.17,0.14285714285714285,0.0,,0,0,0,0,0,0,0,0,0,0
P55055,Sries63387,False,0,0.0,0.0,True,0.005,0.16666666666666666,0.0,,0,0,0,0,0,0,0,0,0,0
P42336,Sries63623,False,0,0.0,0.0,False,0.0,0.0,0.0,,0,0,0,0,0,0,0,0,0,0
P48736,Sries63650,False,0,0.0,0.0,False,0.0,0.0,0.0,,0,0,0,0,0,0,0,0,0,0
Q86WV6,Sries63822,False,0,0.0,0.0,True,0.005,0.2,0.0,,0,0,0,0,0,0,0,0,0,0
P41143,Sries6387,False,0,0.0,0.0,False,0.0,0.0,0.0,,0,0,0,0,0,0,0,0,0,0
P29274,Sries63882,False,0,0.0,0.0,False,0.0,0.0,0.0,,0,0,0,0,0,0,0,0,0,0
P31749,Sries64009,False,0,0.0,0.0,False,0.0,0.0,0.0,,0,0,0,0,0,0,0,0,0,0
P41143,Sries6414,False,0,0.0,0.0,False,0.0,0.0,0.0,,0,0,0,0,0,0,0,0,0,0
P41143,Sries6427,False,0,0.0,0.0,True,0.02,0.2,0.0,,0,0,0,0,0,0,0,0,0,0
P41143,Sries6587,False,0,0.0,0.0,True,0.005,0.5,0.0,,0,0,0,0,0,0,0,0,0,0
P37231,Sries6923,False,0,0.0,0.0,True,0.06,0.09375,0.0,,0,0,0,0,0,0,0,0,0,0
P22303,Sries695,True,2,0.01,0.09090909090909091,True,0.01,0.5,0.5356240594123846,0.41800140014279785,0,0,0,0,0,False,False,False,False,False
Q07343,Sries6994,False,0,0.0,0.0,False,0.0,0.0,0.0,,0,0,0,0,0,0,0,0,0,0
Q07343,Sries7139,False,0,0.0,0.0,True,0.25,0.08333333333333333,0.0,,0,0,0,0,0,0,0,0,0,0
P05979,Sries7461,False,0,0.0,0.0,False,0.0,0.0,0.0,,0,0,0,0,0,0,0,0,0,0
P05979,Sries7463,False,0,0.0,0.0,False,0.0,0.0,0.0,,0,0,0,0,0,0,0,0,0,0
P22303,Sries754,False,0,0.0,0.0,False,0.0,0.0,0.0,,0,0,0,0,0,0,0,0,0,0
P10826,Sries8214,False,0,0.0,0.0,False,0.0,0.0,0.0,,0,0,0,0,0,0,0,0,0,0
P10826,Sries8217,False,0,0.0,0.0,False,0.0,0.0,0.0,,0,0,0,0,0,0,0,0,0,0
P10826,Sries8222,False,0,0.0,0.0,False,0.0,0.0,0.0,,0,0,0,0,0,0,0,0,0,0
P10826,Sries8330,False,0,0.0,0.0,False,0.0,0.0,0.0,,0,0,0,0,0,0,0,0,0,0
P10826,Sries8335,False,0,0.0,0.0,False,0.0,0.0,0.0,,0,0,0,0,0,0,0,0,0,0
P19793,Sries8500,False,0,0.0,0.0,False,0.0,0.0,0.0,,0,0,0,0,0,0,0,0,0,0
P19793,Sries8576,True,3,0.015,0.13043478260869565,True,0.33,0.14285714285714285,0.8595529494823833,0.5476014676329686,1,0,0,0,0,True,False,False,False,False
P19793,Sries8579,False,0,0.0,0.0,False,0.0,0.0,0.0,,0,0,0,0,0,0,0,0,0,0
P31645,Sries8696,True,1,0.005,0.043478260869565216,True,0.005,0.3333333333333333,0.6206680929611761,0.6206680929611761,1,0,0,0,0,True,False,False,False,False
P00734,Sries9308,False,0,0.0,0.0,False,0.0,0.0,0.0,,0,0,0,0,0,0,0,0,0,0
P00734,Sries9491,False,0,0.0,0.0,False,0.0,0.0,0.0,,0,0,0,0,0,0,0,0,0,0
P00749,Sries9935,False,0,0.0,0.0,True,0.275,0.25,0.0,,0,0,0,0,0,0,0,0,0,0
